language;category;theme;groupId;groupTitle;subtopicId;subtopicTitle;title;synthesiaId;order;;;
no;helse;skeiv_verden;;;valgfrihet;Valgfrihet;Valgfrihet;46623012-eb25-4ed7-abd0-2600205c214c;1;;;
no;helse;skeiv_verden;;;sosiale_normer;Sosiale nromer;Sosiale normer;2d37ce0f-b99d-4739-a76f-4bc5f967a98c;2;;;
no;helse;skeiv_verden;;;mangfold;Manggfold;Mangfold;d4959ea3-d3dc-4e0b-906e-514489265c28;3;;;
no;helse;skeiv_verden;;;diskriminering ;Diskriminering;Diskriminering;d68a8ba6-4e56-44a8-8d43-3150d99fb5bc;4;;;
no;helse;vold_i_naere_relasjoner;;;introduksjon;Introduksjon;Introduksjon;2394d93d-5d79-432c-98e2-89be2b0c2d87;1;;;
no;helse;vold_i_naere_relasjoner;;;nye ord ;Nye ord ;Nye ord;56e07926-0083-4d4d-9d58-6f6e89f5a7ac;2;;;
no;helse;vold_i_naere_relasjoner;;;typer vold;Typer vold;Typer vold;ae3b3088-d203-4e09-bf32-a5869ddcc6c1;3;;;
no;helse;vold_i_naere_relasjoner;;;nære_relasjoner;Nære relasjoner;Nære relasjoner;3bf7dfba-8418-4b9f-b899-ebf1ef8efbc8;4;;;
no;helse;vold_i_naere_relasjoner;;;avvergingsplikt;Avvergingsplikt ;Avvergingsplikt;edc4a988-32af-440f-98e5-7a0a037f6fd6;5;;;
no;helse;vold_i_naere_relasjoner;;;taushetsplikt;Taushetsplikt ;Taushetsplikt;a34f6610-96fc-40ef-b4fa-06a1f01d9f07;6;;;
no;helse;vold_i_naere_relasjoner;;;tegn_paa_vold;Tegn på vold;Tegn på vold;904321ff-7f89-4887-bb6c-1d10d5e2bcb4;7;;;
no;helse;vold_i_naere_relasjoner;;;hvem_kan_hjelpe,1;Hvem kan hjelpe, 1;Hvem kan hjelpe, 1;aaf4b6e1-0349-48b7-9804-5fc09e837058;8;;;
no;helse;vold_i_naere_relasjoner;;;hvem_kan_hjelpe,2;Hvem kan hjelpe, 2;Hvem kan hjelpe, 2;a22ce05f-0da3-40a4-b46c-ed668a8b6864;9;;;
no;helse;vold_i_naere_relasjoner;;;case;Case;Case;f1d041a5-cd68-4649-814d-d3ad63da74b9;10;;;
no;helse;mat_og_helse;ernaring;Ernaring;introduksjon;Introduksjon;Introduksjon;7207bb2a-f5a2-44d1-9a0a-f1477d3c6793;1;;;
no;helse;mat_og_helse;ernaring;Ernaring;nye_ord;Nye ord ;Nye ord;31c177a3-5ba3-46bf-b418-3f28576f1ede;2;;;
no;helse;mat_og_helse;ernaring;Ernaring;matkultur;Matkultur;Matkultur;f1ae70bc-cffe-4e84-89c8-2a19e7c90f77;3;;;
no;helse;mat_og_helse;ernaring;Ernaring;nye_ord;Nye ord ;Nye ord;3dc9e276-40ee-4377-99f8-b4aee7f760d6;4;;;
no;helse;mat_og_helse;ernaring;Ernaring;naering_1;Næring i mat, del1;Næring i mat, del1;a8bf86d4-3da7-4ec3-b924-9a66e7e80755;5;;;
no;helse;mat_og_helse;ernaring;Ernaring;nye_ord;Nye ord ;Nye ord;0107885f-24e9-40f4-83ac-ae9dc4457f22;6;;;
no;helse;mat_og_helse;ernaring;Ernaring;naering_2;Næring i mat, del2;Næring i mat, del2;1d40bc62-3427-4a6c-b97f-8e22893203be;7;;;
no;helse;mat_og_helse;ernaring;Ernaring;nye_ord;Nye ord ;Nye ord;0a225238-0a87-4373-8330-403a91ab36c4;8;;;
no;helse;mat_og_helse;ernaring;Ernaring;frukt_og_gront;Frukt og grønt;Frukt og grønt;0b477f2b-c838-4502-b932-7604d162e743;9;;;
no;helse;mat_og_helse;ernaring;Ernaring;nye ord ;Nye ord ;Nye ord;d8c81336-66ee-4eb2-bfdf-a8366e4f7987;10;;;
no;helse;mat_og_helse;ernaring;Ernaring;unngaa_sukker;Unngå sukker;Unngaa sukker;848d82e0-0a7a-4ca7-bee8-c46b979af59d;11;;;
no;helse;mat_og_helse;ernaring;Ernaring;case;Case;Case;320a8d12-4e1a-4a15-b684-2caa28de730f;12;;;
no;helse;mat_og_helse;helse;Helse;nye ord ;Nye ord ;Nye ord;a4642b00-856a-4714-8bed-f5f446134237;13;;;
no;helse;mat_og_helse;helse;Helse;diabetes;Diabetes;Diabetes;4bb64468-a9df-4349-80b4-aa8b7e87501c;14;;;
no;helse;mat_og_helse;helse;Helse;nye ord ;Nye ord ;Nye ord;31f60967-d005-4047-89c9-bd9d792c878d;15;;;
no;helse;mat_og_helse;helse;Helse;munnhelse;Munnhelse;Munnhelse;2540a072-42fc-47f0-af9d-906be20cdd61;16;;;
no;helse;mat_og_helse;helse;Helse;nye_ord;Nye ord ;Nye ord;3dc6d8da-2781-4d8d-915c-43d8d507e3c8;17;;;
no;helse;mat_og_helse;matvarer;Matvarer;matfett;Matfett;Matfett;07252d76-6b85-480a-ad05-11771cf2cd43;18;;;
no;helse;mat_og_helse;matvarer;Matvarer;nye_ord;Nye ord ;Nye ord;e9db40de-503b-41b9-80bd-f0bf23dba1cc;19;;;
no;helse;mat_og_helse;matvarer;Matvarer;sjømat;Sjømat;Sjømat;7dccb187-48ac-4d9e-a7e6-422a66a08563;20;;;
no;helse;mat_og_helse;matvarer;Matvarer;melkeprodukter;Melkeprodukter ;Melkeprodukter;9ce9fb04-a120-4071-90a7-fd53f21e646a;21;;;
no;helse;mat_og_helse;matvarer;Matvarer;korn;Korn;Korn;05556016-afca-467d-abbb-28cf14501903;22;;;
no;helse;mat_og_helse;matvarer;Matvarer;salt;Salt;Nye ord;d110f0a4-378e-4fbb-ade0-f54b7b4bb19f;23;;;
no;helse;mat_og_helse;matvarer;Matvarer;salt;Salt;Salt;627a14c2-7e72-4f74-8c31-24d28e8b7278;24;;;
no;helse;mat_og_helse;matvarer;Matvarer;nye_ord;Nye ord ;Nye ord;31c4148f-7465-45cb-bd3a-c57c1b051c91;25;;;
no;helse;mat_og_helse;matvarer;Matvarer;hygiene;Hygiene;Hygiene;45c4dfa9-55e2-4e46-8866-926d1b227665;26;;;
no;helse;mat_og_helse;matvarer;Matvarer;case;Case;Case;4e3f41fe-3ea1-4218-8d2c-eee368e4ec59;27;;;
no;helse;mat_og_helse;matvarer;Matvarer;oppsummering;Oppsummering;Oppsummering;5fef3a07-644a-4f22-9f66-22e99a9b33cb;28;;;
no;helse;fysisk_aktivitet;trening ;Trening;introduksjon;Introduksjon;Introduksjon;74ec3801-fd01-45d2-a96d-b527dcde8b66;1;;;
no;helse;fysisk_aktivitet;trening ;Trening;nye_ord;Nye ord ;Nye ord;cc0045b1-f4e7-4a33-a03c-ee3e1f9aefa0;2;;;
no;helse;fysisk_aktivitet;trening ;Trening;vaer_fysisk_aktiv;Vær fysisk aktiv;Vær fysisk aktiv;a0960c5e-f593-4acd-9346-388b6181cd38;3;;;
no;helse;fysisk_aktivitet;trening ;Trening;nye_ord;Nye ord ;Nye ord;9857cb72-9b40-4120-979b-c9664efedf63;4;;;
no;helse;fysisk_aktivitet;trening ;Trening;intensivtrening;Intensivtrening;Intensivtrening;9847ef5a-ee53-4e9d-879a-c2160e36db67;5;;;
no;helse;fysisk_aktivitet;trening ;Trening;nye_ord;Nye ord ;Nye ord;c398af6e-29d8-4307-961c-0007c7d6f52b;6;;;
no;helse;fysisk_aktivitet;trening ;Trening;styreketrening;Styrketrening;Styrketrening;4ba9996d-b1fb-4cb6-bce6-bfc387efcc38;7;;;
no;helse;fysisk_aktivitet;kropp_og_helse;Kropp og helse;nye_ord;Nye ord ;Nye ord;44a79d6a-4730-4b3b-80b8-61bbbc9f447e;8;;;
no;helse;fysisk_aktivitet;kropp_og_helse;Kropp og helse;energiinntak_og_energiforbruk;Energiinntak og energiforbruk;Energiinntak og energiforbruk ;236968bf-81de-4610-b1c0-9c8b4ff331e8;9;;;
no;helse;fysisk_aktivitet;kropp_og_helse;Kropp og helse;nye_ord;Nye ord ;Nye ord;88c2e63c-503d-42b5-8bc2-538faecdd553;10;;;
no;helse;fysisk_aktivitet;kropp_og_helse;Kropp og helse;blodsukker;Blodsukker;Blodsukker;2a6265dd-168d-4942-84b8-9533fd04f0b9;11;;;
no;helse;fysisk_aktivitet;kropp_og_helse;Kropp og helse;nye_ord;Nye ord ;Nye ord;12ab8ddd-14ce-46a5-b44b-4fd372e15462;12;;;
no;helse;fysisk_aktivitet;kropp_og_helse;Kropp og helse;kolestrol;Kolestrol;Kolestrol;0da96cbb-4a92-4f30-b0d2-e2bae6bc16de;13;;;
no;helse;fysisk_aktivitet;kropp_og_helse;Kropp og helse;nye_ord;Nye ord ;Nye ord;efbfbcb3-9ba2-49d8-838d-7a55004b6db7;14;;;
no;helse;fysisk_aktivitet;kropp_og_helse;Kropp og helse;blodtrykk;Blodtrykk;Blodtrykk;d204d7a4-a299-4bfc-a46a-5176ee5b988f;15;;;
no;helse;fysisk_aktivitet;kroppen ;Kroppen;nye_ord;Nye ord ;Nye ord;ac945980-bcdf-40ad-8bcb-67cb23bedd74;16;;;
no;helse;fysisk_aktivitet;kroppen ;Kroppen;kreft;Kreft;Kreft;170d083a-f8ac-4b16-8394-1c4bbe2e2459;17;;;
no;helse;fysisk_aktivitet;kroppen ;Kroppen;nye_ord;Nye ord ;Nye ord;d5076ee5-f316-49e7-b9d7-f915c5e9a594;18;;;
no;helse;fysisk_aktivitet;kroppen ;Kroppen;hjernen;Hjernen;Hjernen;3adf971b-5fb5-441f-ad2f-9207b0ac66d5;19;;;
no;helse;fysisk_aktivitet;kroppen ;Kroppen;nye_ord;Nye ord ;Nye ord;989461dc-db2f-4283-bb9c-d5925b4fa74b;20;;;
no;helse;fysisk_aktivitet;kroppen ;Kroppen;smerte;Smerte;Smerte;2393f3e9-49f4-4dd9-afa5-a0938f18ae14;21;;;
no;helse;fysisk_aktivitet;kroppen ;Kroppen;nye_ord;Nye ord ;Nye ord;f7a8e027-4683-4ed0-8116-94d05240bdac;22;;;
no;helse;fysisk_aktivitet;kroppen ;Kroppen;muskler_og_skjelett;Muskler og skjelett;Muskler og skjelett;543fc567-d06f-4ab0-8a14-4a8dd0a00a4d;23;;;
no;helse;fysisk_aktivitet;kroppen ;Kroppen;andre_aspekter;Andre aspekter;Andre aspekter;182e8bc6-f76f-43c9-bc19-3ef7098e7611;24;;;
no;helse;fysisk_aktivitet;kroppen ;Kroppen;caser;Caser;Caser;e7c6865-e7b1-415f-9135-755e74ad5154;25;;;
no;helse;fysisk_aktivitet;kroppen ;Kroppen;oppsummering;Oppsummering;Oppsummering;df9163d8-f5ed-4e0d-81a7-40389dbf0071;24;;;
no;helse;munnhelse;;;introduksjon;Introduksjon;Introduksjon;caa06ed5-019f-42bc-9d9c-aa47434d211c;1;;;
no;helse;munnhelse;;;nye ord ;Nye ord ;Nye ord;e72cfdf6-95c4-423d-a33e-156ed5b692f6;2;;;
no;helse;munnhelse;;;rettigheter;Rettigheter;Rettigheter;9879e589-ccc3-4ed0-91a8-64a4dff0bc86;3;;;
no;helse;munnhelse;;;hold_tennene_rene;Hold tennene rene ;Hold tennene rene ;3f197509-2239-4463-9e64-6ab2fb662f8c;4;;;
no;helse;munnhelse;;;tannhelsekontroll;Gå til tannhelsekontroll;Gå til tannhelsekontroll;ce268308-ba3b-4710-80d6-b6fe1859ae1b;5;;;
no;helse;munnhelse;;;kostraad_munnhelse;Kostråd for munnhelsen;Kostråd for munnhelsen;3a18ed69-b32a-406e-8181-11489801d3c0;6;;;
no;helse;munnhelse;;;munnhelse_hos_barn;Munnhelse hos barn ;Munnhelse hos barn;d7859df5-fba4-425f-b4b1-14f8d1920751;7;;;
no;helse;psykisk_helse;psykisk_helse;Psykisk helse;introduksjon;Introduksjon;Introduksjon;e62ac278-43e7-46b4-a683-9e8f60419ae2;1;;;
no;helse;psykisk_helse;psykisk_helse;Psykisk helse;nye ord ;Nye ord ;Nye ord;d5826660-15e9-4922-9bcd-ffaaeffbc126;2;;;
no;helse;psykisk_helse;psykisk_helse;Psykisk helse;psyksik_helse;Psykisk helse;Psykisk helse;fc968d7d-993f-4638-93fb-ab2cf8428e91;3;;;
no;helse;psykisk_helse;psykisk_helse;Psykisk helse;psykiske_helseplager;Psykisk helseplager;Psykisk helseplager;54cfb0d0-190c-41d4-b7a9-9f43a5bacb79;4;;;
no;helse;psykisk_helse;psykisk_helse;Psykisk helse;psykiske_lidelser;Psykiske lidelser ;Psykiske lidelser ;993e25a6-b18d-4fc6-8048-c978a8be0a06;5;;;
no;helse;psykisk_helse;psykisk_helse;Psykisk helse;hvordan_ta_vare_paa_din_psykiske_helse;Hvordan ta vare på din psykiske helse;Case;51914454-7ee5-4428-b361-70c2254fbf8c;6;;;
no;helse;psykisk_helse;psykisk_helse;Psykisk helse;hvordan_ta_vare_paa_din_psykiske_helse;Hvordan ta vare på din psykiske helse;Hvordan ta vare på din psykiske helse ;7d20d97a-adb9-4612-b6ad-e20a360e91f8;7;;;
no;helse;psykisk_helse;psykisk_helse;Psykisk helse;hvor_faa_hjelp;Hvor få hjelp;Hvor få hjelp;61034732-72a7-40ce-9f41-a5c18252c51d;8;;;
no;helse;psykisk_helse;psykisk_helse;Psykisk helse;hvor_faa_hjelp;Krise og ulykke;Krise og ulykke;2f7b5ef8-6113-4ce3-9d6f-26b36a431706;9;;;
no;helse;psykisk_helse;psykisk_helse;Psykisk helse;hvor_faa_hjelp;Legevakt og akutt hjelp;Legevakt og akutt hjelp;8a8aad25-70d9-4bc4-a428-8751cef65740;10;;;
no;helse;psykisk_helse;psykisk_helse;Psykisk helse;hvor_faa_hjelp;Tjenester i Oslo kommune;Tjenester i Oslo kommune;1ee3e60d-0a30-4497-8cc1-7c8011ce68c0;11;;;
no;helse;psykisk_helse;psykisk_helse;Psykisk helse;hvor_faa_hjelp;Frivillige organisasjoner i Oslo;Frivillige organisasjoner i Oslo;b74599a9-b43e-4a26-89e0-551fb95bef72;12;;;
no;helse;psykisk_helse;psykisk_helse;Psykisk helse;oppsummering;Oppsummering;Oppsummering;d074dfb7-cb27-4d99-9d51-808755b47e2b;13;;;
no;helse;psykisk_helse;fastlege;Fastlege;introduksjon;Introduksjon;Introduksjon;02e8b61d-ba38-424a-afb2-e0170c3b1fca;14;;;
no;helse;psykisk_helse;fastlege;Fastlege;nye ord ;Nye ord ;Nye ord;cab8cf2f-547b-4a7a-bda2-9378a63c1f6a;15;;;
no;helse;psykisk_helse;fastlege;Fastlege;fastlege;Fastlege;Fastlege;6a366301-5c5c-4d5f-ad1d-505f27614b14;16;;;
no;helse;psykisk_helse;fastlege;Fastlege;rettigheter;Rettigheter;Rettigheter;e0ecf1fd-fe74-4ac7-b707-691f0f7123b2;17;;;
no;helse;psykisk_helse;fastlege;Fastlege;oppsummering;Oppsummering;Oppsummering;0a6d942d-2935-416c-92c7-0b11ca7bcf0f;18;;;
no;helse;psykisk_helse;stress;Stress;introduksjon;Introduksjon;Introduksjon;be66edc4-6c6e-4720-ab24-0d31f52c5866;19;;;
no;helse;psykisk_helse;stress;Stress;nye ord ;Nye ord ;Nye ord;41a4c70c-25af-4493-950b-1eeb9308e152;20;;;
no;helse;psykisk_helse;stress;Stress;stress;Stress;Stress;c461f0e1-5b28-4ea0-8416-1c28fe7df0a7;21;;;
no;helse;psykisk_helse;stress;Stress;stress_norge;Stress som ny i Norge;Stress som nye i Norge;-->ER IKKE VIDEO;22;;;
no;helse;psykisk_helse;stress;Stress;stress_norge;Stress som ny i Norge;Case;69a46400-a67e-4cba-9764-2505ef4add4d;23;;;
no;helse;psykisk_helse;stress;Stress;haandtere_stress;Håndtere stress;Håndtere stress;f069caea-fceb-4c7c-ab38-203c1bdcb6d8;24;;;
no;helse;psykisk_helse;stress;Stress;haandtere_stress;Håndtere stress;Case;4cd5a4d2-c6bb-4e77-b977-fd7be6f83513;25;;;
no;helse;psykisk_helse;stress;Stress;oppsummering;Oppsummering;Oppsummering;35730536-9f20-49c1-907d-fb34e9034f69;26;;;
no;helse;psykisk_helse;mobbing;Mobbing;introduksjon;Introduksjon;Introduksjon;06046a9b-7c43-43ce-b219-664989b301d0;27;;;
no;helse;psykisk_helse;mobbing;Mobbing;nye ord ;Nye ord ;Nye ord;c372d2ce-7e0d-471c-b8c0-fb68620a3993;28;;;
no;helse;psykisk_helse;mobbing;Mobbing;mobbing;Mobbing;Mobbing;fc0f5ad7-37de-4ac2-ac96-4e98458b7a3c;29;;;
no;helse;psykisk_helse;mobbing;Mobbing;konsekvenser;Konsekvenser ;Konsekvenser ;bc7b62e2-e61d-494a-8d0e-fbe463aefa77;30;;;
no;helse;psykisk_helse;mobbing;Mobbing;mobberen;Mobberen;Mobberen;62398d2b-c440-42c9-a29c-6e6c31203eb0;31;;;
no;helse;psykisk_helse;mobbing;Mobbing;hvor_faa_stotte;Hvor få støtte;Hvor få støtte;55a4df12-326d-48f2-a510-92266c3a47ef;32;;;
no;helse;psykisk_helse;mobbing;Mobbing;har_du_mobbet_noen;Har du mobbet noen;Har du mobbet noen;7ce22104-7867-4a40-98d9-89499b55fb62;33;;;
no;helse;psykisk_helse;mobbing;Mobbing;oppsummering;Oppsummering;Oppsummering;08786cc7-39e6-4c2a-adcc-728570864ca4;34;;;
no;helse;kvinnens_helse;;;ytre_kjønnsorganer;Kvinnens ytre kjønnsorganer;Kvinnens ytre kjønnsorganer ;5c268aac-3e4b-4958-adf6-8264799dbb7b;1;;;
no;helse;kvinnens_helse;;;indre_kjønnsorganer;Kvinnens indre kjønnsorganer;Kvinnens indre kjønnsorganer;f47b3b65-b476-40f2-99db-94c0423cc2b1;2;;;
no;helse;kvinnens_helse;;;menstruasjon;Menstruasjon;Menstruasjon;53bd6fb2-bc9f-4113-a3d2-26e0e23f6c9a;3;;;
no;helse;kvinnens_helse;;;prevensjon;Prevensjon;Prevensjon;16fbdd57-50ca-4e2f-979b-e71911704f57;4;;;
en;helse;skeiv_verden;;;freedom_of_choice;Freedom og Choice;Freedom of Chioce;ffaaeb5e-ca84-42a0-99e5-9cc3876136c8;1;;;
en;helse;skeiv_verden;;;social_norms;Social Norms;Social Norms;40d01601-e4c0-48b2-a150-ace57567b2d8;2;;;
en;helse;skeiv_verden;;;diversity;Diversity;Diversity;2f05ccdb-bcb7-4db8-a99e-87ab811e233c;3;;;
en;helse;skeiv_verden;;;discrimination;Discrimination;Discrimination;6cfc023a-d7eb-4daa-b016-9404b0a9a993;4;;;
en;helse;vold_i_naere_relasjoner;;;introduction;Introduction;Introduction ;a6fa4c4b-6cde-4c47-96f0-8df513caeedd;1;;;
en;helse;vold_i_naere_relasjoner;;;new_words;New Words;New Words;d9e2b665-300b-4769-a3b6-ebec5234f2c7;2;;;
en;helse;vold_i_naere_relasjoner;;;types_of_violence;Types of Violence;Types of Violence;48ef12af-c80c-457d-82b2-50cc560732c0;3;;;
en;helse;vold_i_naere_relasjoner;;;close_relationships;Close Relationships;Close Relationships;6f52b1f1-c5c3-4974-babe-fd14e4b5f163;4;;;
en;helse;vold_i_naere_relasjoner;;;duty_to_prevent_harm;Duty to Prevent Harm;Duty to Prevent Harm;2f2d659b-422d-4942-a026-a5986108d138;5;;;
en;helse;vold_i_naere_relasjoner;;;duty_of_Confidentiality;Duty of Confidentiality;Duty of Confidentiality;9c968c09-e545-4f0c-a441-d9d00a721458;6;;;
en;helse;vold_i_naere_relasjoner;;;sign_og_violence;Sign of Violence;Signs of Violence;57f0fcf8-88be-4e99-8932-402a57a66b16;7;;;
en;helse;vold_i_naere_relasjoner;;;who_can_help_part1;Who Can Help, part 1;Who Can Help, Part 1;19ca4a31-40a5-4c4d-9a5a-0740106f0579;8;;;
en;helse;vold_i_naere_relasjoner;;;who_can_help_part2;Who Can Help, part 2;Who Can Help, Part 2;789e6ecc-5274-495c-a5e6-73ea98db9ff7;9;;;
en;helse;vold_i_naere_relasjoner;;;case;case;Case;f2a6ce72-967d-420b-9333-ad4062fe08d5;10;;;
en;helse;fysisk_aktivitet;trening ;Training;introduction;Introduction;Introduction ;0aa33e9e-372f-4ff2-aa80-17435821b36d;1;;;
en;helse;fysisk_aktivitet;trening ;Training;new_words;New Words;New Words;22811fac-44d8-4392-88dd-935a3701de74;2;;;
en;helse;fysisk_aktivitet;trening ;Training;be_physically_active;Be Physically Active;Be Physically Active;e7b15a72-c530-486d-a40c-f8b5fe8191d3;3;;;
en;helse;fysisk_aktivitet;trening ;Training;new_words;New Words;New Words;c4124b35-3b7e-44c4-9300-34132ad0af88;4;;;
en;helse;fysisk_aktivitet;trening ;Training;high_intensity_training;High-intensity Training;High-intensity Training;2bc16fc3-bf58-433b-b5fd-6a0bcecd79e9;5;;;
en;helse;fysisk_aktivitet;trening ;Training;new_words;New Words;New Words;22b172fa-9100-4f3c-8f69-4627693b4249;6;;;
en;helse;fysisk_aktivitet;trening ;Training;strength_training;Strength Training;Strength Training;0c4f8ff3-9ca3-40be-b01d-6c14d5d65350;7;;;
en;helse;fysisk_aktivitet;kropp_og_helse;Body and health;new_words;New Words;New Words;17c21877-b176-4f05-bcdb-c96ea19bc10e;8;;;
en;helse;fysisk_aktivitet;kropp_og_helse;Body and health;intake_and_expenditure;Intake And Expenditure;Intake And Expenditure;3ca17334-6f2e-497d-890b-9c57f1e86642;9;;;
en;helse;fysisk_aktivitet;kropp_og_helse;Body and health;new_words;New Words;New Words;720fdce2-7bc6-4ca2-b866-a7ce12d8c353;10;;;
en;helse;fysisk_aktivitet;kropp_og_helse;Body and health;blood_sugar;Blood Sugar;Blood Sugar;f7fadaa6-3956-43d9-97b8-584689c18d41;11;;;
en;helse;fysisk_aktivitet;kropp_og_helse;Body and health;new_words;New Words;New Words;8abc83c-5720-4ae6-8688-52117b990222;12;;;
en;helse;fysisk_aktivitet;kropp_og_helse;Body and health;cholestrol;Cholestrol;Cholestrol;d10e3e90-0c3c-40a7-97de-4aebcc2d2fd6;13;;;
en;helse;fysisk_aktivitet;kropp_og_helse;Body and health;new_words;New Words;New Words;aea3221b-00de-4cc1-bd82-09a7cc7e23d9;14;;;
en;helse;fysisk_aktivitet;kropp_og_helse;Body and health;blood_pressure;Blood Pressure;Blood Pressure;00ce68df-7ea5-4b7d-adfa-228a16731ade;15;;;
en;helse;fysisk_aktivitet;kroppen ;The body;new_words;New Words;New Words;9a95a6d6-e794-4707-ab46-a4dab73ac603;16;;;
en;helse;fysisk_aktivitet;kroppen ;The body;cancer;Cancer;Cancer;7719eb28-1b2e-4514-a1f3-a5c390fd2c4f;17;;;
en;helse;fysisk_aktivitet;kroppen ;The body;new_words;New Words;New Words;ad6a16c2-1fb1-41cd-a085-35a93b923f46;18;;;
en;helse;fysisk_aktivitet;kroppen ;The body;the_brain;The Brain;The Brain;56dd38de-09a3-41cf-a728-cb778ac0e1a1;19;;;
en;helse;fysisk_aktivitet;kroppen ;The body;new_words;New Words;New Words;cbc58cb0-0bcb-41c1-a161-d6d228811f9b;20;;;
en;helse;fysisk_aktivitet;kroppen ;The body;pain;Pain;Pain ;582339c6-498f-4144-a803-77c3965036fc;21;;;
en;helse;fysisk_aktivitet;kroppen ;The body;new_words;New Words;New Words;4e20e1b7-21b0-4484-9dba-20b2982dc630;22;;;
en;helse;fysisk_aktivitet;kroppen ;The body;muscles_and_skeleton;Muscles And Skeleton;Muscles And Skeleton;0c7d843e-a804-4b23-a73f-d34b07642e97;23;;;
en;helse;fysisk_aktivitet;kroppen ;The body;cases;Cases;Cases;2e02dc20-4a31-43fd-9fde-73fd505d48c6;24;;;
en;helse;fysisk_aktivitet;kroppen ;The body;summary;Summary;Summary;9ec3f1b3-4ae1-49e0-b2a4-c3bf8676d9fb;25;;;
en;helse;munnhelse;;;introduction;Introduction;Introduction ;3f5998a5-6bfb-4860-98ae-fc719aa5c66d;1;;;
en;helse;munnhelse;;;new_words;New Words;New Words;14a8194b-93ec-423c-ac23-17f3cb2b2eb0;2;;;
en;helse;munnhelse;;;rights;Rights;Rights;e53a8458-4db1-42d4-8d2f-cd57e0235bab;3;;;
en;helse;munnhelse;;;keep_your_teeth_cleen;Keep Your Teeth Cleen;Keep Your Tetth Cleen;447789ad-494f-4e38-afaa-5db1c95a0507;4;;;
en;helse;munnhelse;;;go_for_dental_checkup;Go For Dental Chekup;Go For Dental Chekup;bd918efb-0b1b-4eca-8a85-f0b135186e84;5;;;
en;helse;munnhelse;;;dietary_advice_for_oral_health;Dietary Advice For Oral Health;Dietary Advice For Oral Health;ddc3adde-c050-4ac5-a9f8-7889ed773108;6;;;
en;helse;munnhelse;;;oral_health_in_children;Oral Health In Children;Oral Health In Children;c97cfa0a-95b7-46f4-bfa7-78350568286d;7;;;
en;helse;psykisk_helse;psykisk_helse;Mental health;introduction;Introduction;Introduction ;f1f911bd-baa8-497b-b659-16d4ea209fb7;1;;;
en;helse;psykisk_helse;psykisk_helse;Mental health;new_words;New Words;New Words;e1545c31-5c8b-4909-81c8-7f177adc4546;2;;;
en;helse;psykisk_helse;psykisk_helse;Mental health;mental_health;Mental Health;Mental Health;21473ecc-550a-4ec3-a9e7-0d2ce373d328;3;;;
en;helse;psykisk_helse;psykisk_helse;Mental health;reflective_task;Reflective Task;Reflective Task;18c323b0-88b5-467b-81e5-220262a57a62;4;;;
en;helse;psykisk_helse;psykisk_helse;Mental health;mental_health_problems;Mental Health Problems;Mental Health Problems;663113cd-c8d4-4162-b2e0-99675c683657;5;;;
en;helse;psykisk_helse;psykisk_helse;Mental health;case;Case;Case;9afea498-052d-42c3-9949-4049dfbdaee7;6;;;
en;helse;psykisk_helse;psykisk_helse;Mental health;mental_disorders;Mental Disorders;Mental Disorders;e43b4089-37e1-4a70-9e63-b8fa5b65fa82;7;;;
en;helse;psykisk_helse;psykisk_helse;Mental health;how_to_take_care_of_your_mental_health;How To Take Care Of Your Mental Health;How To Take Care Of Your Mental Health;68c44343-537b-4d88-8983-c113a57b4f0b;8;;;
en;helse;psykisk_helse;psykisk_helse;Mental health;intro;Intro;Intro;4d56e5fc-76de-4f00-a449-1e109d405c1f;9;;;
en;helse;psykisk_helse;psykisk_helse;Mental health;crisis_and_emergency_situations;Crisis And Emergency Situations;Crisis And Emergency Situations;9794b469-eb63-4ed4-a861-0ed626904041;10;;;
en;helse;psykisk_helse;psykisk_helse;Mental health;ugent_medical_help;Urgent Medical Help;Urgent Medical Help;f9e45758-173e-449c-817a-af6238a1074d;11;;;
en;helse;psykisk_helse;psykisk_helse;Mental health;services_in_oslo_municipality;Services In Oslo Municipality;Services In Oslo Municipality;de7a8c6d-497c-4832-a0c4-3e3cf26d9bfc;12;;;
en;helse;psykisk_helse;psykisk_helse;Mental health;voluntary_organisations_in_oslo;Voluntary Organisation In Oslo;Voluntary Organisation In Oslo;e8578eec-1066-4c42-8974-b9a7083916d1;13;;;
en;helse;psykisk_helse;psykisk_helse;Mental health;summary;Summary;Summary;24bcf0b0-f6d0-4043-a976-4c69b7e141c9;14;;;
en;helse;psykisk_helse;fastlege;General Practitioner;introduction;Introduction;Introduction ;839ee55f-e927-40c5-9ef2-6b5afc991242;15;;;
en;helse;psykisk_helse;fastlege;General Practitioner;new_words;New Words;New Words;560cbed1-6a00-4a68-8e4b-704d41cfd119;16;;;
en;helse;psykisk_helse;fastlege;General Practitioner;general_practitioner;General Practitioner;General Practitioner;03890c65-002c-4138-a2e8-4e91c9dc5add;17;;;
en;helse;psykisk_helse;fastlege;General Practitioner;your_rights;Your Rights;Your Rights;f3f66c6e-fa3c-4ab9-b197-57b81c7c4a7a;18;;;
en;helse;psykisk_helse;fastlege;General Practitioner;summary;Summary;Summary;e8c5cdfc-f8e2-43e8-805d-8269d3bce0a1;19;;;
en;helse;psykisk_helse;stress;Stress;introduction;Introduction;Introduction ;efed1493-2cf2-4dcf-8183-a0617d99ef01;21;;;
en;helse;psykisk_helse;stress;Stress;new_words;New Words;New Words;c18dc51d-6c59-4620-b016-7f92a76ef6e9;22;;;
en;helse;psykisk_helse;stress;Stress;understanding_stress;Understanding Stress;Understanding Stress;52ab1f13-4bec-4a7c-88c2-995f1774b0ab;23;;;
en;helse;psykisk_helse;stress;Stress;stress_as_a_newcomer_to_norway;Stress As a Newcomer To Norway;Stress As a Newcomer To Norway;bd705ba0-d86b-4185-a30b-e558b4e53729;24;;;
en;helse;psykisk_helse;stress;Stress;case;Case;Case;2a600866-c7ca-4c21-998f-d9d143f17561;25;;;
en;helse;psykisk_helse;stress;Stress;managing_stress;Managing Stress;Managing Stress;6d03035a-2248-4f84-8277-1b0cb37cdedd;26;;;
en;helse;psykisk_helse;stress;Stress;case;Case;Case;dd84f192-4b54-4784-9061-59462080f4f1;27;;;
en;helse;psykisk_helse;stress;Stress;summary;Summary;Summary;279dde2c-65cb-446e-b33a-417d74f67268;28;;;
en;helse;psykisk_helse;mobbing;Bullying;introduction;Introduction;Introduction;a01226d4-e957-45a4-b216-938db43f9ae4;29;;;
en;helse;psykisk_helse;mobbing;Bullying;new_words;New Words;New Words;f76f5951-ef2c-4e1b-ad63-0754a6208b19;31;;;
en;helse;psykisk_helse;mobbing;Bullying;bullying;Bullying;Bullying;697f70d2-ac02-4254-b361-ddbb1956cfcd;31;;;
en;helse;psykisk_helse;mobbing;Bullying;consequences;Consequences;Consequences;51f82cbf-b3ce-4b91-912a-932058c2cd7d;32;;;
en;helse;psykisk_helse;mobbing;Bullying;the_bully;The Bully;The Bully;ba5f1c98-06dd-40f3-b4c3-517e3c603bf1;33;;;
en;helse;psykisk_helse;mobbing;Bullying;where_to_get_support;Where To Get Support;Where To Get Support;4057bf00-a9cc-40b5-95ce-f20cadcdbed4;34;;;
en;helse;psykisk_helse;mobbing;Bullying;have_you_been_a_bully;Have You Been A bully;Have You Been A bully;93d8cc4b-8230-4ad8-bff2-5971ee65e3f2;35;;;
en;helse;psykisk_helse;mobbing;Bullying;summary;Summary;Summary;8ab20e06-0869-455a-bc00-fcc1b6d97adf;36;;;
en;helse;kvinners_reproduktive_helse;;;womenss_external_genitalia;Womens´s external genitalia;Womens´s external genitalia;4d60d545-1ff1-4c2d-91e5-432f44e523c3;1;;;
en;helse;kvinners_reproduktive_helse;;;womens_internal_reproductive_organs;Womens´s internal reproductive organs;Womens´s internal reproductive organs;863b2ec1-4f2f-4165-9503-ce5bdfa467cf;2;;;
en;helse;kvinners_reproduktive_helse;;;menstruation;Menstruation;Menstruation;a6cda0ad-ed6a-4aca-9231-f4cc2d48eb48;3;;;
en;helse;kvinners_reproduktive_helse;;;contraception;Contraception;Contraception;59d1fcf5-9998-405c-9f08-c8ae6a1ebaa6;4;;;
tr;helse;skeiv_verden;;;tercih_özgürlüğü ;Tercih Özgürlüğü ;Tercih Özgürlüğü ;e3d2a556-7600-4910-bf4b-84e70b9e0276;1;;;
tr;helse;skeiv_verden;;;sosyal_normlar;Sosyal normlar;Sosyal normlar;38cbfe17-b1f3-4198-980a-0542aaeff5a1;2;;;
tr;helse;skeiv_verden;;;toplumsal_çeşitlilik;Toplumsal Çeşitlilik ;Toplumsal Çeşitlilik ;c4d92620-8b45-44a6-9198-cd8236985079;3;;;
tr;helse;skeiv_verden;;;ayrımcılık;Ayrımcılık;Ayrımcılık;d3b99ddf-7ef6-4fa3-9b4e-c6d9f10b96fa;4;;;
tr;helse;vold_i_naere_relasjoner;;;giriş;Giriş;Giriş;a23a3f84-37d1-43de-a4f2-85d5f7124a53;1;;;
tr;helse;vold_i_naere_relasjoner;;;yeni_kelimeler;Yeni kelimeler;Yeni kelimeler;68a9f8fb-9632-466a-bd2e-51cd6d91ac9b;2;;;
tr;helse;vold_i_naere_relasjoner;;;şiddet_türleri;Şiddet türleri ;Şiddet türleri ;b750e8d7-bd23-4bd8-b3bb-206be2ab61d3;3;;;
tr;helse;vold_i_naere_relasjoner;;;yakın_ilişkilerde_şiddet;Yakın ilişkilerde şiddet;Yakın ilişkilerde şiddet;f2a6fd77-88e0-4c1a-b06e-329aa051a3ae;4;;;
tr;helse;vold_i_naere_relasjoner;;;önleme_yükümlülüğü;Önleme yükümlülüğü;Önleme yükümlülüğü;a3f72c7b-2bc4-48b0-b426-229d9692890a;5;;;
tr;helse;vold_i_naere_relasjoner;;;Gizlilik_yükümlülüğü;Gizlilik yükümlülüğü;Gizlilik yükümlülüğü;b74b321e-2035-4dec-8057-eb05b3307c40;6;;;
tr;helse;vold_i_naere_relasjoner;;;şiddetin_işaretleri;Şiddetin İşaretleri;Şiddetin İşaretleri;f8b524a2-d4b3-45bd-a44c-4e463f27c563;7;;;
tr;helse;vold_i_naere_relasjoner;;;kimler_yardım_edebilir_1_kısım;Kimler yardım edebilir, 1. Kısım;Kimler yardım edebilir, 1. Kısım;07ba9a3a-0fa4-4bb9-ae96-49109f01f4d4;8;;;
tr;helse;vold_i_naere_relasjoner;;;kimler_yardım_edebilir_2_kısım;Kimler yardım edebilir, 2. Kısım;Kimler yardım edebilir, 2. Kısım;410f720d-fcd3-4358-ab29-4cb72b7a1639;9;;;
tr;helse;vold_i_naere_relasjoner;;;örnek_vaka;Örnek Vaka;Örnek Vaka;aab946d8-4bca-4176-86e2-c1689e33036f;10;;;
tr;helse;mat_og_helse;ernaring;Beslenme;giriş;Giriş;Giriş;ae56f553-27ee-46bb-9423-4fd0bda002da;1;;;
tr;helse;mat_og_helse;ernaring;Beslenme;yeni_kelimeler;Yeni kelimeler;Yeni kelimeler;591bdf67-c62e-456d-8ceb-9072778818cc;2;;;
tr;helse;mat_og_helse;ernaring;Beslenme;yemek_kültürü;Yemek kültürü;Yemek kültürü;50d1640e-1187-4a0e-81bc-213d44958782;3;;;
tr;helse;mat_og_helse;ernaring;Beslenme;yeni_kelimeler;Yeni kelimeler;Yeni kelimeler;d799ab91-5095-49d5-abfe-05ea77899ecb;4;;;
tr;helse;mat_og_helse;ernaring;Beslenme;yiyeceklerdeki_besinler_1_kısım;Yiyeceklerdeki Besinler, 1. Kısım;Yiyeceklerdeki Besinler, 1. Kısım;bc755540-590a-4fa5-bda7-e0f244de901e;5;;;
tr;helse;mat_og_helse;ernaring;Beslenme;yeni_kelimeler;Yeni kelimeler;Yeni kelimeler;63332c85-6137-42f3-b4df-fa2c922058a1;6;;;
tr;helse;mat_og_helse;ernaring;Beslenme;gıdalardaki_besin_öğeleri;Gıdalardaki Besin Öğeleri;Gıdalardaki Besin Öğeleri;cca83d30-3c2d-4599-85e7-a56ca32fb95a;7;;;
tr;helse;mat_og_helse;ernaring;Beslenme;yeni_kelimeler;Yeni kelimeler;Yeni kelimeler;f99bfd26-f13b-4857-8f8b-9202c62818ca;8;;;
tr;helse;mat_og_helse;ernaring;Beslenme;meyve_ve_sebze;Meyve ve sebze;Meyve ve sebze;88bf373d-b2bb-4edd-b8f7-a0cc19516efc;9;;;
tr;helse;mat_og_helse;ernaring;Beslenme;yeni_kelimeler;Yeni kelimeler;Yeni kelimeler;1eb5ff8f-d84d-4764-8991-aaaee3c75d37;10;;;
tr;helse;mat_og_helse;ernaring;Beslenme;şekerden_kaçınma;Şekerden Kaçınma;Şekerden Kaçınma;2f2f0b5e-d1a9-4b71-8a07-766786d77380;11;;;
tr;helse;mat_og_helse;ernaring;Beslenme;örnek_vaka;Örnek Vaka;Örnek Vaka;0db39978-6709-405e-87ce-b3b88b6a974d;12;;;
tr;helse;mat_og_helse;helse;sağlık;yeni_kelimeler;Yeni kelimeler;Yeni kelimeler;84cb645f-23ba-4c31-9a52-91a2e7e655aa;13;;;
tr;helse;mat_og_helse;helse;sağlık;diyabet;Diyabet;Diyabet;4d5270be-d284-4ca6-85df-8705b11c544f;14;;;
tr;helse;mat_og_helse;helse;sağlık;yeni_kelimeler;Yeni kelimeler;Yeni kelimeler;be512c03-355c-46af-852e-184b30d4f3b7;15;;;
tr;helse;mat_og_helse;helse;sağlık; ağız_sağlığı; Ağız sağlığı; Ağız sağlığı;69cb595b-d4f5-4b0e-8018-423bcb7f1abd;16;;;
tr;helse;mat_og_helse;helse;sağlık;yeni_kelimeler;Yeni kelimeler;Yeni kelimeler;f7f01757-b7e6-484e-9a02-8dd0eee18251;17;;;
tr;helse;mat_og_helse;matvarer;Yemek türleri;yemeklik_yağlar;Yemeklik Yağlar;Yemeklik Yağlar;8b06a6a1-000b-4e8d-bf64-a07995164cce;18;;;
tr;helse;mat_og_helse;matvarer;Yemek türleri;yeni_kelimeler;Yeni kelimeler;Yeni kelimeler;b5fee2b8-f004-413c-a443-66547a7a048b;19;;;
tr;helse;mat_og_helse;matvarer;Yemek türleri;deniz_ürünleri;Deniz ürünleri;Deniz ürünleri;9d44d170-d6ee-4acf-8d95-0bae8b2f0775;20;;;
tr;helse;mat_og_helse;matvarer;Yemek türleri;süt_ürünleri;Süt ürunleri;Süt ürunleri;8669a8f6-ca33-4e4d-ad40-e9e81edf591e;21;;;
tr;helse;mat_og_helse;matvarer;Yemek türleri;tahı;Tahı;Tahı;a7d423bf-adf2-4955-956b-d7160809ca6f;22;;;
tr;helse;mat_og_helse;matvarer;Yemek türleri;yeni_kelimeler;Yeni kelimeler;Yeni kelimeler;ae1d8ad9-19e8-4bde-bdff-426f747d7623;23;;;
tr;helse;mat_og_helse;matvarer;Yemek türleri;tuz;Tuz;Tuz;258a5092-f962-4926-9e4e-6be0bc30459c;24;;;
tr;helse;mat_og_helse;matvarer;Yemek türleri;yeni_kelimeler;Yeni kelimeler;Yeni kelimeler;78a4ea9c-58f9-4082-8686-8319b4b18a2a;25;;;
tr;helse;mat_og_helse;matvarer;Yemek türleri;hijyen;Hijyen;Hijyen;fa7bcae2-1481-43a5-b580-faf5d6a4857e;26;;;
tr;helse;mat_og_helse;matvarer;Yemek türleri;örnek_vaka;Örnek Vaka;Örnek Vaka;a93f392b-1335-4e02-81a8-5413ec52daf2;27;;;
tr;helse;mat_og_helse;matvarer;Yemek türleri;özet;Özet;Özet;8d796d6c-0a7f-49ad-b598-fe07ceacbeab;28;;;
tr;helse;fysisk_aktivitet;trening ;Egzersiz;giriş;Giriş;Giriş;e27cec0c-8991-43ac-9fb0-92d38df2d404;1;;;
tr;helse;fysisk_aktivitet;trening ;Egzersiz;yeni_kelimeler;Yeni kelimeler;Yeni kelimeler;3d99d2a1-b9d0-48e7-9815-17b7f427e119;2;;;
tr;helse;fysisk_aktivitet;trening ;Egzersiz;fiziksel_olarak_aktif_olun;Fiziksel olarak aktif olun;Fiziksel olarak aktif olun;801d5d2c-9257-4a04-af3a-2b357413e4ed;3;;;
tr;helse;fysisk_aktivitet;trening ;Egzersiz;yeni_kelimeler;Yeni kelimeler;Yeni kelimeler;fa2ce857-d8a2-47a6-a8ba-c5df0056c759;4;;;
tr;helse;fysisk_aktivitet;trening ;Egzersiz;yoğun_antrenman;Yoğun antrenman;Yoğun antrenman;9b307253-6c83-4f00-8bdd-dfddaef6977f;5;;;
tr;helse;fysisk_aktivitet;trening ;Egzersiz;yeni_kelimeler;Yeni kelimeler;Yeni kelimeler;bf0e6137-a3fc-47a9-b6dc-5456ecea91fd;6;;;
tr;helse;fysisk_aktivitet;trening ;Egzersiz;ağırlıklı_antrenman;Ağırlıklı antrenman;Ağırlıklı antrenman;d434566f-d987-421a-ae4d-23158c82b693;7;;;
tr;helse;fysisk_aktivitet;kropp_og_helse;Vücut ve sağlık;yeni_kelimeler;Yeni kelimeler;Yeni kelimeler;8f68eeea-0c6b-4b48-b6e4-29d79b3460f8;8;;;
tr;helse;fysisk_aktivitet;kropp_og_helse;Vücut ve sağlık;alim_ve_tüketim;Alim ve tüketim;Alim ve tüketim;1953bcc1-2402-47f3-8b95-713c9e6ca965;9;;;
tr;helse;fysisk_aktivitet;kropp_og_helse;Vücut ve sağlık;yeni_kelimeler;Yeni kelimeler;Yeni kelimeler;abd16b2b-531f-4ac9-96d2-73052b32c259;10;;;
tr;helse;fysisk_aktivitet;kropp_og_helse;Vücut ve sağlık;kan_şekeri;Kan şekeri;Kan şekeri;c3ae0a08-fae0-4a97-b24d-a9c6c9353575;11;;;
tr;helse;fysisk_aktivitet;kropp_og_helse;Vücut ve sağlık;yeni_kelimeler;Yeni kelimeler;Yeni kelimeler;55d2bd83-5d12-4af5-ba21-c8b2c4f8af29;12;;;
tr;helse;fysisk_aktivitet;kropp_og_helse;Vücut ve sağlık;kolesterol;Kolesterol;Kolesterol;e5adf2f8-f1ea-4cd1-ad47-ba1261a7fe68;13;;;
tr;helse;fysisk_aktivitet;kropp_og_helse;Vücut ve sağlık;kan_basıncı ; Kan Basıncı ; Kan Basıncı ;b7e5ec8d-5ce6-4847-a9dc-690f52500a70;14;;;
tr;helse;fysisk_aktivitet;kroppen ;Vücutumuz;kanser;Kanser;Kanser;6a6ef16a-da76-4ba9-af7e-5597000fb308;15;;;
tr;helse;fysisk_aktivitet;kroppen ;Vücutumuz;yeni_kelimeler;Yeni kelimeler;Yeni kelimeler;5ee6cf93-3475-4fc4-be86-82c1c850892f;16;;;
tr;helse;fysisk_aktivitet;kroppen ;Vücutumuz;beyin;Beyin;Beyin;ea2f8cbe-387a-45c8-a440-e7b8d67c35f6;17;;;
tr;helse;fysisk_aktivitet;kroppen ;Vücutumuz;yeni_kelimeler;Yeni kelimeler;Yeni kelimeler;ed26a21d-51e7-47fc-84e0-755899ece097;18;;;
tr;helse;fysisk_aktivitet;kroppen ;Vücutumuz;ağrı ;Ağrı ;Ağrı ;cf337f49-2187-45e0-91c8-38681342dc94;19;;;
tr;helse;fysisk_aktivitet;kroppen ;Vücutumuz;yeni_kelimeler;Yeni kelimeler;Yeni kelimeler;2bd17f6f-2644-4daa-bc7c-b44c56860ee8;20;;;
tr;helse;fysisk_aktivitet;kroppen ;Vücutumuz;kas_ve_iskelet;Kas ve iskelet;Kas ve iskelet;931fd39a-b192-4656-ad21-c04852a51568;21;;;
tr;helse;fysisk_aktivitet;kroppen ;Vücutumuz;diğer_hususlar;Diğer hususlar;Diğer hususlar;e2e605f5-5d6e-4c53-9dca-459a894b34c4;22;;;
tr;helse;fysisk_aktivitet;kroppen ;Vücutumuz;örnek_vaka;Örnek Vaka;Örnek Vaka;e65cde41-a300-41cd-82c7-bbdba3c3b271;23;;;
tr;helse;fysisk_aktivitet;kroppen ;Vücutumuz;özet;Özet;Özet;cdc21896-a92e-42ca-978f-34dae24a5528;24;;;
tr;helse;munnhelse;;;giriş;Giriş;Giriş;64cc0077-2bda-4802-b5f5-847e590ae9ac;1;;;
tr;helse;munnhelse;;;yeni_kelimeler;Yeni kelimeler;Yeni kelimeler;5d611dc5-191a-4c12-afd3-aacdf5b7cc5a;2;;;
tr;helse;munnhelse;;;haklar;Haklar;Haklar;3c918375-7231-4aa3-9e10-07bbc9ac521e;3;;;
tr;helse;munnhelse;;;dişlerinizi_temiz_tutun;Dişlerinizi Temiz Tutun;Dişlerinizi Temiz Tutun;d68226ea-9808-45c5-8ba4-b1dfec43b81b;4;;;
tr;helse;munnhelse;;;diş_sağlığı_kontrolüne_gidin;Diş Sağlığı Kontrolüne Gidin;Diş Sağlığı Kontrolüne Gidin;643b7eaf-049b-48d1-8d99-c2539dd5c073;5;;;
tr;helse;munnhelse;;;ağız_sağlığı_için_beslenme_tavsiyeleri;Ağız Sağlığı İçin Beslenme Tavsiyeleri;Ağız Sağlığı İçin Beslenme Tavsiyeleri;38411b49-49de-4f54-8034-740721ae24c9;6;;;
tr;helse;munnhelse;;;çocuklar_için_ağız_sağlığı;Çocuklar İçin Ağız Sağlığı;Çocuklar İçin Ağız Sağlığı;56187ee0-2887-42f7-a3bc-3023a5ee821d;7;;;
tr;helse;psykisk_helse;psykisk_helse;Psykisk helse;giriş;Giriş;Giriş;321539ef-8527-4d70-b530-c720ac0c27c2;1;;;
tr;helse;psykisk_helse;psykisk_helse;Psykisk helse;yeni_kelimeler;Yeni kelimeler;Yeni kelimeler;c915c369-9654-4aa8-b722-efc76a837df4;2;;;
tr;helse;psykisk_helse;psykisk_helse;Psykisk helse;ruh_sağlığı; Ruh Sağlığı; Ruh Sağlığı;456e8816-e43a-471f-ab47-e4cd4f9cfdb8;3;;;
tr;helse;psykisk_helse;psykisk_helse;Psykisk helse;kendi_üzerinde_düşünme_çalışma;Kendi Üzerinde Düşünme Çalışma;Kendi Üzerinde Düşünme Çalışma;029ce277-4557-46d3-9d92-a079bc455457;4;;;
tr;helse;psykisk_helse;psykisk_helse;Psykisk helse;ruh_sağlığı_sorunları;Ruh sağlığı sorunları;Ruh sağlığı sorunları;e3afa680-0ae3-4b95-894c-c0854684e8aa;5;;;
tr;helse;psykisk_helse;psykisk_helse;Psykisk helse;örnek_vaka;Örnek Vaka;Örnek Vaka;471e18f4-125e-4ca6-a395-e218750e5b53;6;;;
tr;helse;psykisk_helse;psykisk_helse;Psykisk helse;ruhsal_bozukluklar ;Ruhsal Bozukluklar ;Ruhsal bozukluklar ;97bfb962-5ec1-4907-95f3-5da5ba862e06;7;;;
tr;helse;psykisk_helse;psykisk_helse;Psykisk helse;örnek_vaka;Örnek Vaka;Örnek Vaka;1ac2f3b7-87fe-48e6-aba9-e19b5dff1316;8;;;
tr;helse;psykisk_helse;psykisk_helse;Psykisk helse;psikolojik_sağlığınıza_nasıl_dikkat_etmelisiniz;Psikolojik Sağlığınıza Nasıl Dikkat Etmelisiniz?;Psikolojik Sağlığınıza Nasıl Dikkat Etmelisiniz?;22113174-51bc-480f-81e6-b2a6ba1e416f;9;;;
tr;helse;psykisk_helse;psykisk_helse;Psykisk helse;nerden_yardım_alabilirsin;Nerden Yardim alabilirsin?;Nerden Yardim alabilirsin?;cb0a285c-f846-443d-b622-fec5d5bdda40;10;;;
tr;helse;psykisk_helse;psykisk_helse;Psykisk helse;nerden_yardım_alabilirsin;Kriz ve kaza;Kriz ve kaza;82d8dbfb-e0a0-4239-a952-1b5eef915db0;11;;;
tr;helse;psykisk_helse;psykisk_helse;Psykisk helse;nerden_yardım_alabilirsin;Acil servis ve acil yardım;Acil servis ve acil yardım;c4562542-043d-4727-95e7-ea7ff89c3d4e;12;;;
tr;helse;psykisk_helse;psykisk_helse;Psykisk helse;nerden_yardım_alabilirsin;Oslo belediyesi hizmetleri;Oslo belediyesi hizmetleri;fb067a71-6f3c-46b7-9486-81428eaf3cc2;13;;;
tr;helse;psykisk_helse;psykisk_helse;Psykisk helse;nerden_yardım_alabilirsin;Oslo'daki gönüllü hizmetler;Oslo'daki gönüllü hizmetler;c264ca38-2aea-4cb6-b891-53035688e926;14;;;
tr;helse;psykisk_helse;psykisk_helse;Psykisk helse;özet;Özet;Özet;39c0ce94-c0d9-42b2-8f68-d916ba8113ee;15;;;
tr;helse;psykisk_helse;aile_hekimi;Aile hekimi;giriş;Giriş;Giriş;a1f79b0f-7c20-4e69-9785-b46591217f7f;16;;;
tr;helse;psykisk_helse;aile_hekimi;Aile hekimi;yeni_kelimeler;Yeni kelimeler;Yeni kelimeler;67114303-83ad-4200-ac8c-fd834f97de25;17;;;
tr;helse;psykisk_helse;aile_hekimi;Aile hekimi;aile_hekimi;Aile hekimi;Aile hekimi;22989b6e-7bc8-4689-afe2-51265881313e;18;;;
tr;helse;psykisk_helse;aile_hekimi;Aile hekimi;haklar;Haklar;Haklar;e9c49af8-e492-461e-907d-493a5e7e6155;19;;;
tr;helse;psykisk_helse;aile_hekimi;Aile hekimi;özet;Özet;Özet;6e450ec6-4e08-4627-af3d-28e43908cd1b;20;;;
tr;helse;psykisk_helse;stres;Stres;giriş;Giriş;Giriş;2183c818-d2b4-4429-ba1a-28f9e183dc07;21;;;
tr;helse;psykisk_helse;stres;Stres;yeni_kelimeler;Yeni kelimeler;Yeni kelimeler;0e2356a0-9bbd-480e-9b04-105dcefb523a;22;;;
tr;helse;psykisk_helse;stres;Stres;stres;Stres;Stres;22b0abe4-5b48-409f-8bf9-890efe6712f7;23;;;
tr;helse;psykisk_helse;stres;Stres;Norveçte_yeni_olanlar_için_stres;Norveçte yeni olanlar için stres;Norveçte yeni olanlar için stres;9f06e2a3-af0d-4c77-8c6d-402c2a045e96;24;;;
tr;helse;psykisk_helse;stres;Stres;örnek_vaka;Örnek Vaka;Örnek Vaka;8fa695b4-2770-4842-9701-13db8f5a6f30;25;;;
tr;helse;psykisk_helse;stres;Stres;stresi_yönetmek;Stresi yönetmek;Stresi yönetmek;83bde751-9c85-40f6-a505-0146c84f6194;26;;;
tr;helse;psykisk_helse;stres;Stres;örnek_vaka;Örnek Vaka;Örnek Vaka;cda2f74e-f1b3-488d-b1cd-79c2771236f2;27;;;
tr;helse;psykisk_helse;stres;Stres;özet;Özet;Özet;1d4bf8c5-d8bf-4e5a-8266-4ade9095eeaa;28;;;
tr;helse;psykisk_helse;zorbalık;Zorbalık;giriş;Giriş;Giriş;09f68d7b-0eed-4c1c-8034-145cd97f0963;29;;;
tr;helse;psykisk_helse;zorbalık;Zorbalık;yeni_kelimeler;Yeni kelimeler;Yeni kelimeler;a0f37aca-2b34-476d-aaf5-8bc9e1782a25;30;;;
tr;helse;psykisk_helse;zorbalık;Zorbalık;zorbalık;Zorbalık;Zorbalık;57c2ae89-62d8-46f7-9204-bc8b85c5edc2;31;;;
tr;helse;psykisk_helse;zorbalık;Zorbalık;sonuçlar;Sonuçlar;Sonuçlar;f6f20e88-c364-4c74-8f7a-f814a88f04f8;32;;;
tr;helse;psykisk_helse;zorbalık;Zorbalık;zorba;zorba;Zorba;fdcefed4-b03f-4136-8ad6-e96291759faf;33;;;
tr;helse;psykisk_helse;zorbalık;Zorbalık;nerden_destek_alabilirsin;Nerden destek alabilirsin?;Nerden destek alabilirsin?;a818636b-4371-4844-8356-7fcabe7a8870;34;;;
tr;helse;psykisk_helse;zorbalık;Zorbalık;birine_zorbalık_yaptıniz_mı;Birine_zorbalık_yaptnız_mı?;Birine_zorbalık_yaptnız_mı?;80b583ec-3eeb-4de2-8390-59e57f1dd0e5;35;;;
tr;helse;psykisk_helse;zorbalık;Zorbalık;özet;Özet;Özet;"9c25a86e-807b-48fb-84a2-8cc41ac7bac0""";36;;;